{"cameraMode":{"drawMode":0,"name":"Shaded","section":"Shading Mode"},"sceneLighting":true,"audioPlay":false,"sceneViewState":{"showFog":true,"showMaterialUpdate":false,"showSkybox":true,"showFlares":true,"showImageEffects":true,"showParticleSystems":true},"in2DMode":false,"pivot":{"x":-146.37425231933595,"y":35.344879150390628,"z":73.92527770996094},"rotation":{"x":-0.3973153233528137,"y":-0.2525699734687805,"z":0.1147681325674057,"w":-0.8748652935028076},"size":212.3078155517578,"orthographic":false}