{"cameraMode":{"drawMode":0,"name":"Shaded","section":"Shading Mode"},"sceneLighting":true,"audioPlay":false,"sceneViewState":{"showFog":true,"showMaterialUpdate":false,"showSkybox":true,"showFlares":true,"showImageEffects":true,"showParticleSystems":true},"in2DMode":false,"pivot":{"x":-177.17431640625,"y":-37.59117126464844,"z":226.05532836914063},"rotation":{"x":0.3039678633213043,"y":-0.10631060600280762,"z":0.03421517834067345,"w":0.9463022351264954},"size":59.81379318237305,"orthographic":false}